id;street_address;postal_code;city;state_province
1;Multi-channelled Licensed;grey Cambridgeshire;Jamiltown;Credit Card Account Table Small Frozen Sausages
2;South Dakota envisioneer Music;Nakfa;New Bonita;Buckinghamshire Games
3;incentivize Tuna copy;Costa Rica Mayotte;North Wadehaven;Views e-enable Communications
4;National Awesome sky blue;Tactics;Howellmouth;South Georgia and the South Sandwich Islands
5;compelling mission-critical;bifurcated scalable;North Aftonshire;index orange
6;Jewelery;monitor;Patsymouth;Unbranded Plastic Tuna Frozen
7;generating Highway Ergonomic;moratorium moratorium;Lanefurt;COM
8;embrace Developer;synthesize Idaho compress;North Joyce;partnerships Grocery Intelligent
9;Dynamic;knowledge base Buckinghamshire;Connellyberg;relationships override
10;Brand;neutral Salad;Muellerfort;deposit
