id;title;description
1;Versatile Exclusive Moroccan Dirham;capability zero tolerance Computers
2;Analyst paradigms;encompassing
3;deposit Canadian Dollar Lebanon;Designer Persistent
4;Handmade 24/7 Re-contextualized;web-enabled invoice withdrawal
5;bypassing optical;installation
6;Argentine Peso;Kentucky Algerian Dinar Clothing
7;open-source turn-key;Sausages
8;disintermediate Cambridgeshire hacking;bricks-and-clicks Concrete Global
9;Fiji Dollar Profound Bacon;Macao Equatorial Guinea Vision-oriented
10;Agent;Human deposit
